,City,Population,Total_Employees,Total_Officers,Total_Civilians,Total_Crime,Employees_PTP,Officers_PTP,Civilians_PTP,Crime_PTP,Crime_PTP_Rank
291,Stallion Springs,2611,3.0,3.0,0.0,19.0,1.15,1.15,0.0,7.28,1.0
142,Ione,6804,6.0,6.0,0.0,57.0,0.88,0.88,0.0,8.38,2.0
303,Truckee,16331,34.0,24.0,10.0,178.0,2.08,1.47,0.61,10.9,3.0
134,Hillsborough,11559,31.0,23.0,8.0,127.0,2.68,1.99,0.69,10.99,4.0
166,Los Altos,30598,45.0,30.0,15.0,339.0,1.47,0.98,0.49,11.08,5.0
282,Sierra Madre,11226,18.0,15.0,3.0,128.0,1.6,1.34,0.27,11.4,6.0
189,Moraga,17284,13.0,12.0,1.0,209.0,0.75,0.69,0.06,12.09,7.0
266,San Ramon,76081,81.0,65.0,16.0,922.0,1.06,0.85,0.21,12.12,8.0
12,Atherton,7205,26.0,19.0,7.0,89.0,3.61,2.64,0.97,12.35,9.0
215,Palos Verdes Estates,13739,35.0,29.0,6.0,176.0,2.55,2.11,0.44,12.81,10.0
26,Belvedere,2144,8.0,7.0,1.0,29.0,3.73,3.26,0.47,13.53,11.0
58,Clayton,11879,11.0,10.0,1.0,161.0,0.93,0.84,0.08,13.55,12.0
285,Soledad,25170,19.0,17.0,2.0,355.0,0.75,0.68,0.08,14.1,13.0
158,Lincoln,46663,26.0,19.0,7.0,674.0,0.56,0.41,0.15,14.44,14.0
125,Guadalupe,7318,13.0,11.0,2.0,109.0,1.78,1.5,0.27,14.89,15.0
199,Newman,10881,14.0,11.0,3.0,163.0,1.29,1.01,0.28,14.98,16.0
60,Cloverdale,8839,19.0,12.0,7.0,134.0,2.15,1.36,0.79,15.16,17.0
99,Fairfax,7686,16.0,11.0,5.0,117.0,2.08,1.43,0.65,15.22,18.0
181,Mill Valley,14527,27.0,21.0,6.0,225.0,1.86,1.45,0.41,15.49,19.0
248,Ross,2500,8.0,8.0,0.0,39.0,3.2,3.2,0.0,15.6,20.0
70,Coronado,25138,62.0,42.0,20.0,405.0,2.47,1.67,0.8,16.11,21.0
194,Murrieta,109495,126.0,85.0,41.0,1769.0,1.15,0.78,0.37,16.16,22.0
146,Kensington,5329,10.0,10.0,0.0,87.0,1.88,1.88,0.0,16.33,23.0
295,Sunnyvale,152443,284.0,214.0,70.0,2513.0,1.86,1.4,0.46,16.48,24.0
104,Folsom,76183,89.0,67.0,22.0,1256.0,1.17,0.88,0.29,16.49,25.0
138,Huron,6818,6.0,4.0,2.0,113.0,0.88,0.59,0.29,16.57,26.0
132,Hercules,25326,24.0,21.0,3.0,423.0,0.95,0.83,0.12,16.7,27.0
292,St. Helena,6028,17.0,12.0,5.0,101.0,2.82,1.99,0.83,16.76,28.0
242,Rio Vista,8250,12.0,11.0,1.0,140.0,1.45,1.33,0.12,16.97,29.0
207,Orange Cove,9715,12.0,11.0,1.0,165.0,1.24,1.13,0.1,16.98,30.0
243,Ripon,15126,32.0,23.0,9.0,260.0,2.12,1.52,0.6,17.19,31.0
323,Wheatland,3482,7.0,7.0,0.0,60.0,2.01,2.01,0.0,17.23,33.0
43,Calistoga,5338,12.0,8.0,4.0,92.0,2.25,1.5,0.75,17.23,33.0
25,Belmont,27377,44.0,31.0,13.0,473.0,1.61,1.13,0.47,17.28,34.0
103,Firebaugh,8484,15.0,11.0,4.0,150.0,1.77,1.3,0.47,17.68,35.0
135,Hollister,37604,33.0,27.0,6.0,667.0,0.88,0.72,0.16,17.74,36.0
101,Farmersville,10835,16.0,15.0,1.0,194.0,1.48,1.38,0.09,17.9,37.0
278,Seaside,34459,47.0,37.0,10.0,641.0,1.36,1.07,0.29,18.6,38.0
72,Cotati,7469,17.0,11.0,6.0,140.0,2.28,1.47,0.8,18.74,39.0
212,Pacific Grove,15734,24.0,14.0,10.0,295.0,1.53,0.89,0.64,18.75,41.0
77,Daly City,107320,151.0,112.0,39.0,2012.0,1.41,1.04,0.36,18.75,41.0
120,Gonzales,8507,13.0,10.0,3.0,160.0,1.53,1.18,0.35,18.81,42.0
221,Piedmont,11372,27.0,19.0,8.0,218.0,2.37,1.67,0.7,19.17,43.0
27,Benicia,28159,44.0,28.0,16.0,541.0,1.56,0.99,0.57,19.21,44.0
328,Winters,7023,13.0,11.0,2.0,135.0,1.85,1.57,0.28,19.22,45.0
211,Pacifica,39531,35.0,33.0,2.0,771.0,0.89,0.83,0.05,19.5,46.0
171,Mammoth Lakes,7955,14.0,11.0,3.0,157.0,1.76,1.38,0.38,19.74,47.0
184,Monrovia,37618,75.0,47.0,28.0,749.0,1.99,1.25,0.74,19.91,48.0
148,King City,13755,17.0,15.0,2.0,274.0,1.24,1.09,0.15,19.92,49.0
54,Chula Vista,265215,303.0,217.0,86.0,5324.0,1.14,0.82,0.32,20.07,50.0
46,Carlsbad,113972,152.0,105.0,47.0,2306.0,1.33,0.92,0.41,20.23,51.0
111,Fremont,232427,280.0,180.0,100.0,4708.0,1.2,0.77,0.43,20.26,52.0
201,Novato,55782,81.0,57.0,24.0,1135.0,1.45,1.02,0.43,20.35,53.0
245,Rocklin,61105,81.0,54.0,27.0,1267.0,1.33,0.88,0.44,20.73,54.0
195,Napa,80749,114.0,72.0,42.0,1710.0,1.41,0.89,0.52,21.18,55.0
53,Chowchilla,18978,23.0,16.0,7.0,403.0,1.21,0.84,0.37,21.24,56.0
35,Brisbane,4696,19.0,16.0,3.0,101.0,4.05,3.41,0.64,21.51,57.0
14,Auburn,14118,26.0,19.0,7.0,305.0,1.84,1.35,0.5,21.6,58.0
228,Pleasanton,79611,111.0,79.0,32.0,1730.0,1.39,0.99,0.4,21.73,59.0
36,Broadmoor,4382,11.0,10.0,1.0,96.0,2.51,2.28,0.23,21.91,60.0
263,San Mateo,104306,143.0,109.0,34.0,2311.0,1.37,1.05,0.33,22.16,61.0
217,Parlier,15106,13.0,12.0,1.0,335.0,0.86,0.79,0.07,22.18,62.0
90,Elk Grove,166183,205.0,124.0,81.0,3706.0,1.23,0.75,0.49,22.3,63.0
49,Central Marin,35272,46.0,43.0,3.0,797.0,1.3,1.22,0.09,22.6,64.0
7,Arcadia,58694,93.0,68.0,25.0,1340.0,1.58,1.16,0.43,22.83,65.0
231,Port Hueneme,22249,29.0,21.0,8.0,514.0,1.3,0.94,0.36,23.1,66.0
290,South San Francisco,67843,110.0,81.0,29.0,1578.0,1.62,1.19,0.43,23.26,67.0
22,Beaumont,43626,56.0,36.0,20.0,1025.0,1.28,0.83,0.46,23.5,68.0
48,Cathedral City,53947,67.0,46.0,21.0,1269.0,1.24,0.85,0.39,23.52,69.0
169,Los Gatos,31044,58.0,39.0,19.0,732.0,1.87,1.26,0.61,23.58,71.0
80,Del Rey Oaks,1696,6.0,6.0,0.0,40.0,3.54,3.54,0.0,23.58,71.0
94,Escalon,7449,11.0,10.0,1.0,178.0,1.48,1.34,0.13,23.9,72.0
34,Brentwood,58398,80.0,65.0,15.0,1398.0,1.37,1.11,0.26,23.94,73.0
69,Corona,163633,222.0,157.0,65.0,3939.0,1.36,0.96,0.4,24.07,75.0
236,Redwood City,84415,113.0,88.0,25.0,2032.0,1.34,1.04,0.3,24.07,75.0
177,McFarland,13848,16.0,13.0,3.0,336.0,1.16,0.94,0.22,24.26,76.0
105,Fontana,206982,274.0,185.0,89.0,5073.0,1.32,0.89,0.43,24.51,77.0
240,Ridgecrest,28989,48.0,32.0,16.0,719.0,1.66,1.1,0.55,24.8,78.0
254,San Diego,1400467,2545.0,1887.0,658.0,34740.0,1.82,1.35,0.47,24.81,79.0
311,Vacaville,96693,149.0,96.0,53.0,2408.0,1.54,0.99,0.55,24.9,80.0
122,Greenfield,17061,18.0,16.0,2.0,425.0,1.06,0.94,0.12,24.91,81.0
0,Alameda,78613,112.0,83.0,29.0,1967.0,1.42,1.06,0.37,25.02,82.0
87,El Cajon,103942,181.0,118.0,63.0,2627.0,1.74,1.14,0.61,25.27,83.0
238,Rialto,103590,139.0,105.0,34.0,2641.0,1.34,1.01,0.33,25.49,84.0
237,Reedley,25711,42.0,27.0,15.0,656.0,1.63,1.05,0.58,25.51,85.0
309,Union City,74648,97.0,73.0,24.0,1908.0,1.3,0.98,0.32,25.56,86.0
95,Escondido,151732,198.0,148.0,50.0,3922.0,1.3,0.98,0.33,25.85,87.0
19,Banning,31030,39.0,25.0,14.0,805.0,1.26,0.81,0.45,25.94,88.0
200,Newport Beach,87749,217.0,139.0,78.0,2293.0,2.47,1.58,0.89,26.13,89.0
220,Petaluma,60450,80.0,59.0,21.0,1582.0,1.32,0.98,0.35,26.17,90.0
62,Coalinga,16073,31.0,20.0,11.0,421.0,1.93,1.24,0.68,26.19,91.0
136,Huntington Beach,203233,330.0,210.0,120.0,5362.0,1.62,1.03,0.59,26.38,92.0
83,Dixon,19357,26.0,21.0,5.0,512.0,1.34,1.08,0.26,26.45,93.0
175,Martinez,37923,46.0,34.0,12.0,1005.0,1.21,0.9,0.32,26.5,94.0
160,Livermore,88316,131.0,86.0,45.0,2346.0,1.48,0.97,0.51,26.56,95.0
38,Burbank,105865,226.0,146.0,80.0,2815.0,2.13,1.38,0.76,26.59,96.0
326,Willits,4856,16.0,11.0,5.0,130.0,3.29,2.27,1.03,26.77,97.0
114,Galt,25106,48.0,36.0,12.0,676.0,1.91,1.43,0.48,26.93,98.0
247,Roseville,131039,187.0,128.0,59.0,3534.0,1.43,0.98,0.45,26.97,99.0
182,Milpitas,75520,109.0,85.0,24.0,2043.0,1.44,1.13,0.32,27.05,101.0
78,Davis,67034,92.0,56.0,36.0,1813.0,1.37,0.84,0.54,27.05,101.0
192,Mountain View,80705,133.0,90.0,43.0,2194.0,1.65,1.12,0.53,27.19,102.0
23,Bell,36395,37.0,29.0,8.0,993.0,1.02,0.8,0.22,27.28,103.0
52,Chino,86344,155.0,105.0,50.0,2359.0,1.8,1.22,0.58,27.32,104.0
259,San Jose,1031458,1325.0,939.0,386.0,28435.0,1.28,0.91,0.37,27.57,105.0
252,San Bruno,43499,62.0,47.0,15.0,1213.0,1.43,1.08,0.34,27.89,106.0
16,Azusa,49431,93.0,59.0,34.0,1385.0,1.88,1.19,0.69,28.02,107.0
198,Newark,45258,76.0,55.0,21.0,1269.0,1.68,1.22,0.46,28.04,108.0
230,Porterville,55760,80.0,56.0,24.0,1570.0,1.43,1.0,0.43,28.16,110.0
174,Marina,21094,35.0,29.0,6.0,594.0,1.66,1.37,0.28,28.16,110.0
235,Redondo Beach,68492,139.0,85.0,54.0,1942.0,2.03,1.24,0.79,28.35,111.0
246,Rohnert Park,42622,79.0,59.0,20.0,1235.0,1.85,1.38,0.47,28.98,112.0
10,Arvin,20902,29.0,22.0,7.0,606.0,1.39,1.05,0.33,28.99,113.0
126,Gustine,5726,11.0,9.0,2.0,167.0,1.92,1.57,0.35,29.17,114.0
196,National City,60768,112.0,81.0,31.0,1776.0,1.84,1.33,0.51,29.23,115.0
147,Kerman,14595,22.0,19.0,3.0,427.0,1.51,1.3,0.21,29.26,116.0
299,Tehachapi,12971,18.0,15.0,3.0,382.0,1.39,1.16,0.23,29.45,117.0
110,Fowler,6144,13.0,12.0,1.0,181.0,2.12,1.95,0.16,29.46,118.0
302,Tracy,86477,122.0,83.0,39.0,2571.0,1.41,0.96,0.45,29.73,119.0
319,West Covina,109030,150.0,89.0,61.0,3245.0,1.38,0.82,0.56,29.76,120.0
161,Livingston,14007,27.0,19.0,8.0,418.0,1.93,1.36,0.57,29.84,121.0
167,Los Angeles,3962726,12665.0,9863.0,2802.0,118659.0,3.2,2.49,0.71,29.94,122.0
204,Oceanside,176319,276.0,206.0,70.0,5299.0,1.57,1.17,0.4,30.05,123.0
269,Santa Clara,123562,200.0,143.0,57.0,3735.0,1.62,1.16,0.46,30.23,124.0
191,Morro Bay,10620,19.0,17.0,2.0,322.0,1.79,1.6,0.19,30.32,125.0
79,Delano,52534,68.0,51.0,17.0,1595.0,1.29,0.97,0.32,30.36,126.0
258,Sanger,24933,32.0,28.0,4.0,758.0,1.28,1.12,0.16,30.4,127.0
332,Yuba City,65974,78.0,54.0,24.0,2008.0,1.18,0.82,0.36,30.44,128.0
140,Indio,87195,100.0,62.0,38.0,2697.0,1.15,0.71,0.44,30.93,129.0
149,Kingsburg,11813,19.0,13.0,6.0,368.0,1.61,1.1,0.51,31.15,130.0
47,Carmel,3913,25.0,15.0,10.0,124.0,6.39,3.83,2.56,31.69,131.0
61,Clovis,103769,155.0,96.0,59.0,3322.0,1.49,0.93,0.57,32.01,132.0
129,Hayward,157157,288.0,174.0,114.0,5039.0,1.83,1.11,0.73,32.06,133.0
294,Suisun City,29539,29.0,19.0,10.0,953.0,0.98,0.64,0.34,32.26,134.0
39,Burlingame,30672,55.0,37.0,18.0,993.0,1.79,1.21,0.59,32.37,135.0
1,Albany,19723,30.0,23.0,7.0,639.0,1.52,1.17,0.35,32.4,136.0
154,La Mesa,59676,92.0,63.0,29.0,1936.0,1.54,1.06,0.49,32.44,137.0
271,Santa Maria,104355,163.0,114.0,49.0,3438.0,1.56,1.09,0.47,32.95,138.0
250,Salinas,158185,175.0,122.0,53.0,5243.0,1.11,0.77,0.34,33.14,139.0
205,Ontario,170274,321.0,234.0,87.0,5716.0,1.89,1.37,0.51,33.57,140.0
322,West Sacramento,52622,76.0,58.0,18.0,1768.0,1.44,1.1,0.34,33.6,141.0
310,Upland,76581,91.0,67.0,24.0,2616.0,1.19,0.87,0.31,34.16,142.0
55,Citrus Heights,86853,132.0,86.0,46.0,2971.0,1.52,0.99,0.53,34.21,143.0
178,Mendota,11470,16.0,14.0,2.0,397.0,1.39,1.22,0.17,34.61,144.0
100,Fairfield,112582,178.0,116.0,62.0,3915.0,1.58,1.03,0.55,34.77,145.0
64,Colton,54503,78.0,51.0,27.0,1900.0,1.43,0.94,0.5,34.86,146.0
320,Westminster,92640,119.0,86.0,33.0,3253.0,1.28,0.93,0.36,35.11,147.0
315,Visalia,130405,202.0,138.0,64.0,4603.0,1.55,1.06,0.49,35.3,148.0
84,Dos Palos,5112,8.0,7.0,1.0,181.0,1.56,1.37,0.2,35.41,149.0
173,Manteca,75019,84.0,60.0,24.0,2662.0,1.12,0.8,0.32,35.48,150.0
265,San Rafael,59598,86.0,63.0,23.0,2123.0,1.44,1.06,0.39,35.62,152.0
330,Woodland,57911,77.0,62.0,15.0,2063.0,1.33,1.07,0.26,35.62,152.0
44,Campbell,41544,63.0,40.0,23.0,1481.0,1.52,0.96,0.55,35.65,153.0
164,Long Beach,476318,1123.0,771.0,352.0,17103.0,2.36,1.62,0.74,35.91,154.0
50,Ceres,47693,63.0,47.0,16.0,1728.0,1.32,0.99,0.34,36.23,155.0
210,Oxnard,207221,358.0,237.0,121.0,7616.0,1.73,1.14,0.58,36.75,156.0
117,Gilroy,53467,91.0,61.0,30.0,1969.0,1.7,1.14,0.56,36.83,157.0
304,Tulare,62475,109.0,71.0,38.0,2305.0,1.74,1.14,0.61,36.89,158.0
170,Madera,64127,74.0,56.0,18.0,2372.0,1.15,0.87,0.28,36.99,159.0
244,Riverside,323064,515.0,368.0,147.0,11972.0,1.59,1.14,0.46,37.06,160.0
275,Sausalito,7182,23.0,18.0,5.0,268.0,3.2,2.51,0.7,37.32,161.0
327,Willows,6074,9.0,8.0,1.0,230.0,1.48,1.32,0.16,37.87,162.0
224,Pittsburg,69340,96.0,76.0,20.0,2641.0,1.38,1.1,0.29,38.09,163.0
316,Walnut Creek,68530,111.0,81.0,30.0,2631.0,1.62,1.18,0.44,38.39,164.0
281,Shafter,17690,33.0,22.0,11.0,681.0,1.87,1.24,0.62,38.5,165.0
313,Ventura,110077,165.0,126.0,39.0,4274.0,1.5,1.14,0.35,38.83,166.0
68,Corning,7527,20.0,13.0,7.0,298.0,2.66,1.73,0.93,39.59,167.0
106,Fort Bragg,7310,20.0,15.0,5.0,290.0,2.74,2.05,0.68,39.67,168.0
66,Concord,128767,206.0,152.0,54.0,5109.0,1.6,1.18,0.42,39.68,169.0
168,Los Banos,37395,60.0,38.0,22.0,1488.0,1.6,1.02,0.59,39.79,170.0
187,Monterey,28491,57.0,44.0,13.0,1134.0,2.0,1.54,0.46,39.8,171.0
137,Huntington Park,59668,90.0,56.0,34.0,2413.0,1.51,0.94,0.57,40.44,172.0
202,Oakdale,22137,32.0,22.0,10.0,904.0,1.45,0.99,0.45,40.84,173.0
249,Sacramento,489717,949.0,646.0,303.0,20112.0,1.94,1.32,0.62,41.07,174.0
317,Watsonville,53581,88.0,66.0,22.0,2233.0,1.64,1.23,0.41,41.68,175.0
308,Ukiah,15969,49.0,32.0,17.0,673.0,3.07,2.0,1.06,42.14,176.0
6,Antioch,110537,115.0,91.0,24.0,4683.0,1.04,0.82,0.22,42.37,177.0
260,San Leandro,90438,134.0,91.0,43.0,3844.0,1.48,1.01,0.48,42.5,178.0
180,Merced,82409,115.0,80.0,35.0,3523.0,1.4,0.97,0.42,42.75,179.0
261,San Luis Obispo,47116,83.0,59.0,24.0,2037.0,1.76,1.25,0.51,43.23,180.0
298,Taft,8819,80.0,72.0,8.0,391.0,9.07,8.16,0.91,44.34,181.0
13,Atwater,29219,37.0,30.0,7.0,1296.0,1.27,1.03,0.24,44.35,182.0
272,Santa Monica,93796,373.0,203.0,170.0,4279.0,3.98,2.16,1.81,45.62,183.0
176,Marysville,12264,24.0,16.0,8.0,567.0,1.96,1.3,0.65,46.23,184.0
17,Bakersfield,373887,542.0,388.0,154.0,17369.0,1.45,1.04,0.41,46.46,185.0
112,Fresno,520837,959.0,702.0,257.0,24477.0,1.84,1.35,0.49,47.0,186.0
81,Desert Hot Springs,28416,26.0,22.0,4.0,1342.0,0.91,0.77,0.14,47.23,187.0
331,Yreka,7507,19.0,13.0,6.0,356.0,2.53,1.73,0.8,47.42,188.0
234,Redlands,71078,115.0,79.0,36.0,3423.0,1.62,1.11,0.51,48.16,189.0
41,California City,13218,32.0,21.0,11.0,637.0,2.42,1.59,0.83,48.19,190.0
264,San Pablo,30290,65.0,48.0,17.0,1495.0,2.15,1.58,0.56,49.36,191.0
31,Blythe,18961,30.0,20.0,10.0,937.0,1.58,1.05,0.53,49.42,192.0
312,Vallejo,121257,145.0,108.0,37.0,6017.0,1.2,0.89,0.31,49.62,193.0
222,Pinole,19284,35.0,23.0,12.0,957.0,1.81,1.19,0.62,49.63,194.0
185,Montclair,38899,68.0,47.0,21.0,1961.0,1.75,1.21,0.54,50.41,195.0
280,Selma,24532,42.0,33.0,9.0,1248.0,1.71,1.35,0.37,50.87,196.0
318,Weed,2836,14.0,9.0,5.0,146.0,4.94,3.17,1.76,51.48,197.0
233,Redding,92020,129.0,98.0,31.0,4783.0,1.4,1.06,0.34,51.98,198.0
75,Culver City,39890,149.0,103.0,46.0,2075.0,3.74,2.58,1.15,52.02,199.0
131,Hemet,84030,89.0,65.0,24.0,4373.0,1.06,0.77,0.29,52.04,200.0
28,Berkeley,120387,260.0,172.0,88.0,6436.0,2.16,1.43,0.73,53.46,202.0
89,El Cerrito,24842,48.0,40.0,8.0,1328.0,1.93,1.61,0.32,53.46,202.0
5,Anderson,10277,24.0,18.0,6.0,562.0,2.34,1.75,0.58,54.69,203.0
20,Barstow,23700,54.0,37.0,17.0,1320.0,2.28,1.56,0.72,55.7,204.0
152,Lakeport,4781,11.0,10.0,1.0,267.0,2.3,2.09,0.21,55.85,205.0
293,Stockton,304890,571.0,389.0,182.0,17120.0,1.87,1.28,0.6,56.15,206.0
227,Pleasant Hill,34829,55.0,40.0,15.0,1962.0,1.58,1.15,0.43,56.33,207.0
183,Modesto,210794,295.0,216.0,79.0,12148.0,1.4,1.02,0.37,57.63,208.0
251,San Bernardino,216477,394.0,214.0,180.0,13087.0,1.82,0.99,0.83,60.45,209.0
121,Grass Valley,12883,27.0,24.0,3.0,782.0,2.1,1.86,0.23,60.7,210.0
45,Capitola,10201,29.0,21.0,8.0,686.0,2.84,2.06,0.78,67.25,211.0
256,San Francisco,863782,2711.0,2236.0,475.0,59729.0,3.14,2.59,0.55,69.15,212.0
213,Palm Springs,47388,117.0,81.0,36.0,3308.0,2.47,1.71,0.76,69.81,213.0
283,Signal Hill,11655,44.0,32.0,12.0,842.0,3.78,2.75,1.03,72.24,214.0
203,Oakland,419481,1034.0,734.0,300.0,30619.0,2.46,1.75,0.72,72.99,215.0
232,Red Bluff,14045,32.0,22.0,10.0,1113.0,2.28,1.57,0.71,79.25,216.0
253,Sand City,339,10.0,9.0,1.0,149.0,29.5,26.55,2.95,439.53,217.0
321,Westmorland,2278,5.0,5.0,0.0,,2.19,2.19,0.0,,333.0
270,Santa Cruz,64076,111.0,91.0,20.0,,1.73,1.42,0.31,,333.0
92,El Segundo,17164,75.0,57.0,18.0,,4.37,3.32,1.05,,333.0
268,Santa Barbara,91877,199.0,128.0,71.0,,2.17,1.39,0.77,,333.0
267,Santa Ana,337304,527.0,302.0,225.0,,1.56,0.9,0.67,,333.0
96,Etna,705,3.0,3.0,0.0,,4.26,4.26,0.0,,333.0
15,Avenal,12859,16.0,15.0,1.0,,1.24,1.17,0.08,,333.0
329,Woodlake,7751,13.0,12.0,1.0,,1.68,1.55,0.13,,333.0
3,Alturas,2566,6.0,5.0,1.0,,2.34,1.95,0.39,,333.0
93,Emeryville,11549,49.0,34.0,15.0,,4.24,2.94,1.3,,333.0
314,Vernon,115,49.0,37.0,12.0,,426.09,321.74,104.35,,333.0
325,Williams,5205,12.0,10.0,2.0,,2.31,1.92,0.38,,333.0
324,Whittier,87807,169.0,118.0,51.0,,1.92,1.34,0.58,,333.0
85,Downey,114754,147.0,109.0,38.0,,1.28,0.95,0.33,,333.0
262,San Marino,13491,29.0,25.0,4.0,,2.15,1.85,0.3,,333.0
2,Alhambra,86175,128.0,85.0,43.0,,1.49,0.99,0.5,,333.0
86,East Palo Alto,29864,44.0,33.0,11.0,,1.47,1.11,0.37,,333.0
305,Tulelake,983,3.0,3.0,0.0,,3.05,3.05,0.0,,333.0
306,Turlock,71895,111.0,74.0,37.0,,1.54,1.03,0.51,,333.0
289,South Pasadena,26287,43.0,31.0,12.0,,1.64,1.18,0.46,,333.0
8,Arcata,17789,35.0,25.0,10.0,,1.97,1.41,0.56,,333.0
288,South Lake Tahoe,21558,51.0,35.0,16.0,,2.37,1.62,0.74,,333.0
287,South Gate,96775,118.0,78.0,40.0,,1.22,0.81,0.41,,333.0
286,Sonora,4779,19.0,13.0,6.0,,3.98,2.72,1.26,,333.0
91,El Monte,117376,148.0,107.0,41.0,,1.26,0.91,0.35,,333.0
284,Simi Valley,127472,178.0,122.0,56.0,,1.4,0.96,0.44,,333.0
11,Atascadero,29316,37.0,27.0,10.0,,1.26,0.92,0.34,,333.0
296,Susanville,15045,17.0,15.0,2.0,,1.13,1.0,0.13,,333.0
307,Tustin,81953,140.0,91.0,49.0,,1.71,1.11,0.6,,333.0
297,Sutter Creek,2457,4.0,4.0,0.0,,1.63,1.63,0.0,,333.0
277,Seal Beach,24800,46.0,31.0,15.0,,1.85,1.25,0.6,,333.0
300,Tiburon,9288,16.0,13.0,3.0,,1.72,1.4,0.32,,333.0
276,Scotts Valley,11926,28.0,20.0,8.0,,2.35,1.68,0.67,,333.0
301,Torrance,149243,314.0,212.0,102.0,,2.1,1.42,0.68,,333.0
88,El Centro,44033,73.0,49.0,24.0,,1.66,1.11,0.55,,333.0
274,Santa Rosa,175738,241.0,163.0,78.0,,1.37,0.93,0.44,,333.0
273,Santa Paula,30710,36.0,28.0,8.0,,1.17,0.91,0.26,,333.0
4,Anaheim,349471,577.0,399.0,178.0,,1.65,1.14,0.51,,333.0
9,Arroyo Grande,18071,27.0,23.0,4.0,,1.49,1.27,0.22,,333.0
279,Sebastopol,7725,19.0,14.0,5.0,,2.46,1.81,0.65,,333.0
97,Eureka,26858,71.0,48.0,23.0,,2.64,1.79,0.86,,333.0
128,Hawthorne,88410,132.0,94.0,38.0,,1.49,1.06,0.43,,333.0
255,San Fernando,24823,32.0,28.0,4.0,,1.29,1.13,0.16,,333.0
157,Lemoore,25348,38.0,31.0,7.0,,1.5,1.22,0.28,,333.0
159,Lindsay,13579,19.0,14.0,5.0,,1.4,1.03,0.37,,333.0
162,Lodi,64369,102.0,71.0,31.0,,1.58,1.1,0.48,,333.0
163,Lompoc,44446,61.0,42.0,19.0,,1.37,0.94,0.43,,333.0
165,Los Alamitos,11789,25.0,22.0,3.0,,2.12,1.87,0.25,,333.0
67,Corcoran,22435,28.0,16.0,12.0,,1.25,0.71,0.53,,333.0
156,La Verne,32595,61.0,40.0,21.0,,1.87,1.23,0.64,,333.0
119,Glendora,51753,81.0,48.0,33.0,,1.57,0.93,0.64,,333.0
172,Manhattan Beach,36065,104.0,64.0,40.0,,2.88,1.77,1.11,,333.0
118,Glendale,202298,339.0,236.0,103.0,,1.68,1.17,0.51,,333.0
179,Menlo Park,33619,65.0,45.0,20.0,,1.93,1.34,0.59,,333.0
116,Garden Grove,176041,217.0,154.0,63.0,,1.23,0.87,0.36,,333.0
186,Montebello,64280,103.0,68.0,35.0,,1.6,1.06,0.54,,333.0
188,Monterey Park,61750,96.0,69.0,27.0,,1.55,1.12,0.44,,333.0
51,Chico,89949,135.0,88.0,47.0,,1.5,0.98,0.52,,333.0
155,La Palma,16001,27.0,21.0,6.0,,1.69,1.31,0.37,,333.0
153,Lake Shastina,2529,3.0,3.0,0.0,,1.19,1.19,0.0,,333.0
151,La Habra,62488,99.0,67.0,32.0,,1.58,1.07,0.51,,333.0
130,Healdsburg,11744,22.0,15.0,7.0,,1.87,1.28,0.6,,333.0
133,Hermosa Beach,19986,63.0,38.0,25.0,,3.15,1.9,1.25,,333.0
63,Colma,1531,24.0,18.0,6.0,,15.68,11.76,3.92,,333.0
65,Colusa,5937,8.0,7.0,1.0,,1.35,1.18,0.17,,333.0
124,Grover Beach,13589,22.0,14.0,8.0,,1.62,1.03,0.59,,333.0
139,Imperial,17338,18.0,15.0,3.0,,1.04,0.87,0.17,,333.0
141,Inglewood,112450,225.0,173.0,52.0,,2.0,1.54,0.46,,333.0
59,Clearlake,15044,27.0,21.0,6.0,,1.79,1.4,0.4,,333.0
143,Irvine,258198,298.0,203.0,95.0,,1.15,0.79,0.37,,333.0
144,Irwindale,1433,33.0,25.0,8.0,,23.03,17.45,5.58,,333.0
145,Jackson,4593,10.0,9.0,1.0,,2.18,1.96,0.22,,333.0
57,Claremont,36331,62.0,38.0,24.0,,1.71,1.05,0.66,,333.0
123,Gridley,6580,18.0,14.0,4.0,,2.74,2.13,0.61,,333.0
56,City of Angels,3738,8.0,7.0,1.0,,2.14,1.87,0.27,,333.0
150,Laguna Beach,23485,82.0,46.0,36.0,,3.49,1.96,1.53,,333.0
190,Morgan Hill,43154,60.0,40.0,20.0,,1.39,0.93,0.46,,333.0
115,Gardena,60782,117.0,92.0,25.0,,1.92,1.51,0.41,,333.0
113,Fullerton,140771,203.0,140.0,63.0,,1.44,0.99,0.45,,333.0
193,Mount Shasta,3258,11.0,8.0,3.0,,3.38,2.46,0.92,,333.0
226,Placerville,10601,22.0,15.0,7.0,,2.08,1.41,0.66,,333.0
29,Beverly Hills,35054,175.0,117.0,58.0,,4.99,3.34,1.65,,333.0
229,Pomona,154410,253.0,154.0,99.0,,1.64,1.0,0.64,,333.0
127,Hanford,55299,81.0,55.0,26.0,,1.46,0.99,0.47,,333.0
71,Costa Mesa,113477,177.0,114.0,63.0,,1.56,1.0,0.56,,333.0
24,Bell Gardens,43411,64.0,50.0,14.0,,1.47,1.15,0.32,,333.0
73,Covina,49300,81.0,56.0,25.0,,1.64,1.14,0.51,,333.0
74,Crescent City,6599,12.0,11.0,1.0,,1.82,1.67,0.15,,333.0
239,Richmond,109716,265.0,177.0,88.0,,2.42,1.61,0.8,,333.0
102,Ferndale,1362,5.0,5.0,0.0,,3.67,3.67,0.0,,333.0
241,Rio Dell,3378,5.0,5.0,0.0,,1.48,1.48,0.0,,333.0
21,Bear Valley,5428,14.0,5.0,9.0,,2.58,0.92,1.66,,333.0
76,Cypress,49560,68.0,52.0,16.0,,1.37,1.05,0.32,,333.0
18,Baldwin Park,77538,92.0,65.0,27.0,,1.19,0.84,0.35,,333.0
98,Exeter,10611,17.0,15.0,2.0,,1.6,1.41,0.19,,333.0
225,Placentia,52753,62.0,46.0,16.0,,1.18,0.87,0.3,,333.0
257,San Gabriel,40714,65.0,50.0,15.0,,1.6,1.23,0.37,,333.0
223,Pismo Beach,7998,31.0,19.0,12.0,,3.88,2.38,1.5,,333.0
107,Fortuna,11876,23.0,15.0,8.0,,1.94,1.26,0.67,,333.0
42,Calipatria,7492,5.0,5.0,0.0,,0.67,0.67,0.0,,333.0
197,Nevada City,3020,11.0,9.0,2.0,,3.64,2.98,0.66,,333.0
40,Calexico,40085,45.0,28.0,17.0,,1.12,0.7,0.42,,333.0
109,Fountain Valley,57392,79.0,60.0,19.0,,1.38,1.05,0.33,,333.0
108,Foster City,33313,50.0,36.0,14.0,,1.5,1.08,0.42,,333.0
206,Orange,140572,203.0,150.0,53.0,,1.44,1.07,0.38,,333.0
208,Orland,7549,13.0,13.0,0.0,,1.72,1.72,0.0,,333.0
209,Oroville,16289,45.0,24.0,21.0,,2.76,1.47,1.29,,333.0
37,Buena Park,83684,119.0,83.0,36.0,,1.42,0.99,0.43,,333.0
33,Brea,42043,96.0,63.0,33.0,,2.28,1.5,0.78,,333.0
214,Palo Alto,67560,142.0,85.0,57.0,,2.1,1.26,0.84,,333.0
32,Brawley,26023,49.0,35.0,14.0,,1.88,1.34,0.54,,333.0
216,Paradise,26514,31.0,19.0,12.0,,1.17,0.72,0.45,,333.0
218,Pasadena,141815,333.0,221.0,112.0,,2.35,1.56,0.79,,333.0
219,Paso Robles,31659,46.0,32.0,14.0,,1.45,1.01,0.44,,333.0
30,Bishop,3833,19.0,13.0,6.0,,4.96,3.39,1.57,,333.0
82,Dinuba,24223,48.0,37.0,11.0,,1.98,1.53,0.45,,333.0
